"password","last_login","is_superuser","us_id","user_name","email","is_staff","is_active","data_joined","sex","age","height","weight"
"pbkdf2_sha256$260000$8XocO9mDL05UzTWc0pYEHp$YXUbFBrsfpCjIullpRm+xfO94yAvMOMaMdv1/sagjCc=","2023-04-25 19:50:33.675944+09",True,1,"dayelee","gbyou1694@snu.ac.kr",True,True,"2023-04-25 17:35:45.677107+09","others",9999,9999,9999
"pbkdf2_sha256$260000$XuOdPY8hlFpp14T4X31jVa$/uxa+odpj11c0zyugggSFlA4l6Vtiz8VKD98VyATbQ4=","2023-04-28 14:52:33.675944+09",False,2,"leeseungun","sgl@snu.ac.kr",False,True,"2022-04-25 19:45:03.271764+09","male",45,180,70
"pbkdf2_sha256$260000$LBUKSFBgKMFCN4lMIfGUaJ$hh/lvhYUez961fFOdDud3oMvSjqK7a+06kd1E2fjzzM=","2023-04-25 19:50:33.675944+09",False,3,"taesup","taesup123@snu.ac.kr",False,True,"2022-01-01 19:50:25.697597+09","male",39,178,80
"pbkdf2_sha256$260000$KGP2SPFPPalLm5b6qJcJzB$ScYub+BKnNLb3mmeeVr98C50UGxjM3wRbFsdea8Q/q4=","2023-04-28 13:50:33.675944+09",False,4,"seralee","seralee0314@snu.ac.kr",False,True,"2022-02-01 19:51:34.866259+09","female",20,156,45
"pbkdf2_sha256$260000$eL5yM0ZUlfDu30pkhuHHJz$9fUzFX/K587cE4xw8dyRoQt0Lsb+O0KgAWBjJWBDbZE=","2023-04-29 19:50:33.675944+09",False,5,"yeonjung","yeonj32@gmail.com",False,True,"2022-01-02 19:52:43.343097+09","male",25,174,76
"pbkdf2_sha256$260000$TWQe5xM30suETDMkVmD8rx$185G2Velfbx3wINhW1iTcXRz4PQ4DvaSQgloQnz6Q3k=","2023-04-28 20:50:33.675944+09",False,6,"eunjiKim","eunji25@naver.com",False,True,"2022-01-03 19:53:32.39775+09","female",30,167,66
"pbkdf2_sha256$260000$fSpnKCX6B86vq26p21MGWw$n3UOpOjsHHoqDXNnUXx5ipcp+xhc49AOwbXCH/BUG3w=","2023-04-27 19:50:33.675944+09",False,7,"yonghoonJeon","yhj09@gmail.com",False,True,"2022-03-01 19:54:43.005863+09","male",32,173,68
"pbkdf2_sha256$260000$7lflGdsURkNCdOREEJzILW$EJDaJLzf0g8kBROcJjH59ldTzOvsTlZBnUAeKwwSiyI=","2023-04-27 19:50:33.675944+09",False,8,"JaneKim","Jane902@naver.com",False,True,"2022-01-15 19:55:52.760756+09","female",31,163,73
"pbkdf2_sha256$260000$PvivL0XqyrOn88fuKTeFpO$UzSvDyzrt8thLJNWW7x7PWEP7tt2YGBTHRsi85jnzEI=","2023-04-28 01:50:33.675944+09",False,9,"arachoi","arirang@snu.ac.kr",False,True,"2022-01-03 19:56:34.500633+09","female",23,145,50
"pbkdf2_sha256$260000$8OARP96SUldfUSIpt1s5Qq$IAviXhSa53BjM8Sl5uitEjzniHf3ZpOH4nn4HWTL0jQ=","2023-04-24 18:50:33.675944+09",False,10,"christine","chris24@gmail.com",False,True,"2022-01-25 20:06:55.97733+09","female",45,160,70
"pbkdf2_sha256$260000$Qr2jXOXp7bdKNKNqSW22Xk$LQFQAZHwEU2bGx0ocW+8KU/GBiRYQpDfBr3ma2Iv7Jw=","2023-04-28 19:50:33.675944+09",False,11,"Bob","babob123@gmail.com",False,True,"2022-01-30 20:07:34.301689+09","male",60,177,90
"pbkdf2_sha256$260000$wAWa5E4XdQmGVmAW1rVwcm$2VM9ROMy06Dby+UucoFfWt0YyIeDd6x1wqhr1tdbzI8=","2023-04-23 19:50:33.675944+09",False,12,"mina","minam23@naver.com",False,True,"2022-01-04 20:08:28.729836+09","female",36,150,70
